"No.","Time","Source","Destination","Protocol","Length","Info"
"1","0.000000","172.20.0.4","172.20.0.2","DNS","59","DNS Stateful operations (DSO) 0x3332[Malformed Packet]"
"2","0.001067","172.20.0.2","172.20.0.4","DNS","70","DNS Stateful operations (DSO) 0x3332[Malformed Packet]"
"3","0.012326","172.20.0.4","172.20.0.3","UDP","268","47913  >  8081 Len=226"
"4","0.013758","172.20.0.3","172.20.0.4","UDP","113","8081  >  47913 Len=71"
"5","0.025281","172.20.0.4","172.20.0.3","UDP","113","47913  >  8081 Len=71"
"6","0.025930","172.20.0.3","172.20.0.4","UDP","113","8081  >  47913 Len=71"
"7","0.026095","172.20.0.3","172.20.0.4","UDP","113","8081  >  47913 Len=71"
"8","0.026147","172.20.0.3","172.20.0.4","UDP","113","8081  >  47913 Len=71"
"9","0.037564","172.20.0.3","172.20.0.4","IPv4","1514","Fragmented IP protocol (proto=UDP 17, off=0, ID=f5b6)"
"10","0.048272","172.20.0.4","172.20.0.3","UDP","113","47913  >  8081 Len=71"
"11","0.049123","172.20.0.3","172.20.0.4","IPv4","1514","Fragmented IP protocol (proto=UDP 17, off=0, ID=f5b7)"
"12","0.059703","172.20.0.4","172.20.0.3","UDP","113","47913  >  8081 Len=71"
"13","0.060471","172.20.0.3","172.20.0.4","IPv4","1514","Fragmented IP protocol (proto=UDP 17, off=0, ID=f5b9)"
"14","0.071995","172.20.0.4","172.20.0.3","UDP","113","47913  >  8081 Len=71"
"15","0.072831","172.20.0.3","172.20.0.4","IPv4","1514","Fragmented IP protocol (proto=UDP 17, off=0, ID=f5bc)"
"16","0.083624","172.20.0.4","172.20.0.3","UDP","113","47913  >  8081 Len=71"
"17","0.084297","172.20.0.3","172.20.0.4","IPv4","1514","Fragmented IP protocol (proto=UDP 17, off=0, ID=f5bd)"
"18","0.095048","172.20.0.4","172.20.0.3","UDP","113","47913  >  8081 Len=71"
"19","0.095712","172.20.0.3","172.20.0.4","IPv4","1514","Fragmented IP protocol (proto=UDP 17, off=0, ID=f5be)"
"20","0.106481","172.20.0.4","172.20.0.3","UDP","113","47913  >  8081 Len=71"
"21","0.107242","172.20.0.3","172.20.0.4","IPv4","1514","Fragmented IP protocol (proto=UDP 17, off=0, ID=f5bf)"
"22","0.117935","172.20.0.4","172.20.0.3","UDP","113","47913  >  8081 Len=71"
"23","0.118506","172.20.0.3","172.20.0.4","IPv4","1514","Fragmented IP protocol (proto=UDP 17, off=0, ID=f5c2)"
"24","0.129247","172.20.0.4","172.20.0.3","UDP","113","47913  >  8081 Len=71"
"25","0.129882","172.20.0.3","172.20.0.4","IPv4","1514","Fragmented IP protocol (proto=UDP 17, off=0, ID=f5c4)"
"26","0.140694","172.20.0.4","172.20.0.3","UDP","113","47913  >  8081 Len=71"
"27","0.141269","172.20.0.3","172.20.0.4","IPv4","1514","Fragmented IP protocol (proto=UDP 17, off=0, ID=f5c7)"
"28","0.152539","172.20.0.4","172.20.0.3","UDP","113","47913  >  8081 Len=71"
"29","0.153512","172.20.0.3","172.20.0.4","IPv4","1514","Fragmented IP protocol (proto=UDP 17, off=0, ID=f5c8)"
"30","0.164703","172.20.0.4","172.20.0.3","UDP","113","47913  >  8081 Len=71"
"31","0.165486","172.20.0.3","172.20.0.4","IPv4","1514","Fragmented IP protocol (proto=UDP 17, off=0, ID=f5c9)"
"32","0.176213","172.20.0.4","172.20.0.3","UDP","113","47913  >  8081 Len=71"
"33","0.176953","172.20.0.3","172.20.0.4","IPv4","1514","Fragmented IP protocol (proto=UDP 17, off=0, ID=f5ca)"
"34","0.187878","172.20.0.4","172.20.0.3","UDP","113","47913  >  8081 Len=71"
"35","0.188661","172.20.0.3","172.20.0.4","IPv4","1514","Fragmented IP protocol (proto=UDP 17, off=0, ID=f5cc)"
"36","0.199618","172.20.0.4","172.20.0.3","UDP","113","47913  >  8081 Len=71"
"37","0.200221","172.20.0.3","172.20.0.4","IPv4","1514","Fragmented IP protocol (proto=UDP 17, off=0, ID=f5cd)"
"38","0.210995","172.20.0.4","172.20.0.3","UDP","113","47913  >  8081 Len=71"
"39","0.211593","172.20.0.3","172.20.0.4","IPv4","1514","Fragmented IP protocol (proto=UDP 17, off=0, ID=f5ce)"
"40","0.222518","172.20.0.4","172.20.0.3","UDP","113","47913  >  8081 Len=71"
"41","0.223179","172.20.0.3","172.20.0.4","IPv4","1514","Fragmented IP protocol (proto=UDP 17, off=0, ID=f5cf)"
"42","0.234000","172.20.0.4","172.20.0.3","UDP","113","47913  >  8081 Len=71"
"43","0.234588","172.20.0.3","172.20.0.4","IPv4","1514","Fragmented IP protocol (proto=UDP 17, off=0, ID=f5d0)"
"44","0.245181","172.20.0.4","172.20.0.3","UDP","113","47913  >  8081 Len=71"
"45","0.245900","172.20.0.3","172.20.0.4","IPv4","1514","Fragmented IP protocol (proto=UDP 17, off=0, ID=f5d3)"
"46","0.256709","172.20.0.4","172.20.0.3","UDP","113","47913  >  8081 Len=71"
"47","0.257522","172.20.0.3","172.20.0.4","IPv4","1514","Fragmented IP protocol (proto=UDP 17, off=0, ID=f5d6)"
"48","0.268329","172.20.0.4","172.20.0.3","UDP","113","47913  >  8081 Len=71"
"49","0.269019","172.20.0.3","172.20.0.4","IPv4","1514","Fragmented IP protocol (proto=UDP 17, off=0, ID=f5d8)"
"50","0.279667","172.20.0.4","172.20.0.3","UDP","113","47913  >  8081 Len=71"
"51","0.280311","172.20.0.3","172.20.0.4","IPv4","1514","Fragmented IP protocol (proto=UDP 17, off=0, ID=f5d9)"
"52","0.292041","172.20.0.4","172.20.0.3","UDP","113","47913  >  8081 Len=71"
"53","0.293044","172.20.0.3","172.20.0.4","IPv4","1514","Fragmented IP protocol (proto=UDP 17, off=0, ID=f5da)"
"54","0.304412","172.20.0.4","172.20.0.3","UDP","113","47913  >  8081 Len=71"
"55","0.305239","172.20.0.3","172.20.0.4","IPv4","1514","Fragmented IP protocol (proto=UDP 17, off=0, ID=f5dc)"
"56","0.316049","172.20.0.4","172.20.0.3","UDP","113","47913  >  8081 Len=71"
"57","0.316968","172.20.0.3","172.20.0.4","IPv4","1514","Fragmented IP protocol (proto=UDP 17, off=0, ID=f5dd)"
"58","0.327934","172.20.0.4","172.20.0.3","UDP","113","47913  >  8081 Len=71"
"59","0.328476","172.20.0.3","172.20.0.4","UDP","296","8081  >  47913 Len=254"
"60","0.339174","172.20.0.4","172.20.0.3","UDP","113","47913  >  8081 Len=71"
"61","0.339650","172.20.0.3","172.20.0.4","UDP","113","8081  >  47913 Len=71"
"62","0.350120","172.20.0.4","172.20.0.3","UDP","113","47913  >  8081 Len=71"
"63","0.350134","172.20.0.4","172.20.0.3","UDP","113","47913  >  8081 Len=71"
"64","0.350137","172.20.0.4","172.20.0.3","UDP","113","47913  >  8081 Len=71"
"65","0.350140","172.20.0.4","172.20.0.3","UDP","113","47913  >  8081 Len=71"
"66","0.350142","172.20.0.4","172.20.0.3","UDP","113","47913  >  8081 Len=71"
"67","1.904934","172.20.0.4","172.20.0.2","DNS","59","DNS Stateful operations (DSO) 0x3334[Malformed Packet]"
"68","1.905752","172.20.0.2","172.20.0.4","DNS","70","DNS Stateful operations (DSO) 0x3334[Malformed Packet]"
"69","1.917663","172.20.0.4","172.20.0.3","UDP","268","59088  >  8081 Len=226"
"70","1.918367","172.20.0.3","172.20.0.4","UDP","113","8081  >  59088 Len=71"
"71","1.929108","172.20.0.4","172.20.0.3","UDP","113","59088  >  8081 Len=71"
"72","1.929738","172.20.0.3","172.20.0.4","UDP","113","8081  >  59088 Len=71"
"73","1.929888","172.20.0.3","172.20.0.4","UDP","113","8081  >  59088 Len=71"
"74","1.929937","172.20.0.3","172.20.0.4","UDP","113","8081  >  59088 Len=71"
"75","1.951485","172.20.0.3","172.20.0.4","IPv4","1514","Fragmented IP protocol (proto=UDP 17, off=0, ID=f705)"
"76","1.963023","172.20.0.4","172.20.0.3","UDP","113","59088  >  8081 Len=71"
"77","1.963661","172.20.0.3","172.20.0.4","IPv4","1514","Fragmented IP protocol (proto=UDP 17, off=0, ID=f706)"
"78","1.974463","172.20.0.4","172.20.0.3","UDP","113","59088  >  8081 Len=71"
"79","1.975027","172.20.0.3","172.20.0.4","IPv4","1514","Fragmented IP protocol (proto=UDP 17, off=0, ID=f707)"
"80","1.985648","172.20.0.4","172.20.0.3","UDP","113","59088  >  8081 Len=71"
"81","1.986277","172.20.0.3","172.20.0.4","IPv4","1514","Fragmented IP protocol (proto=UDP 17, off=0, ID=f708)"
"82","1.996918","172.20.0.4","172.20.0.3","UDP","113","59088  >  8081 Len=71"
"83","1.997558","172.20.0.3","172.20.0.4","IPv4","1514","Fragmented IP protocol (proto=UDP 17, off=0, ID=f70b)"
"84","2.008714","172.20.0.4","172.20.0.3","UDP","113","59088  >  8081 Len=71"
"85","2.009510","172.20.0.3","172.20.0.4","IPv4","1514","Fragmented IP protocol (proto=UDP 17, off=0, ID=f70e)"
"86","2.020777","172.20.0.4","172.20.0.3","UDP","113","59088  >  8081 Len=71"
"87","2.021612","172.20.0.3","172.20.0.4","IPv4","1514","Fragmented IP protocol (proto=UDP 17, off=0, ID=f711)"
"88","2.032614","172.20.0.4","172.20.0.3","UDP","113","59088  >  8081 Len=71"
"89","2.034121","172.20.0.3","172.20.0.4","IPv4","1514","Fragmented IP protocol (proto=UDP 17, off=0, ID=f713)"
"90","2.044997","172.20.0.4","172.20.0.3","UDP","113","59088  >  8081 Len=71"
"91","2.045721","172.20.0.3","172.20.0.4","IPv4","1514","Fragmented IP protocol (proto=UDP 17, off=0, ID=f715)"
"92","2.056587","172.20.0.4","172.20.0.3","UDP","113","59088  >  8081 Len=71"
"93","2.057188","172.20.0.3","172.20.0.4","IPv4","1514","Fragmented IP protocol (proto=UDP 17, off=0, ID=f718)"
"94","2.067909","172.20.0.4","172.20.0.3","UDP","113","59088  >  8081 Len=71"
"95","2.069015","172.20.0.3","172.20.0.4","IPv4","1514","Fragmented IP protocol (proto=UDP 17, off=0, ID=f71a)"
"96","2.080305","172.20.0.4","172.20.0.3","UDP","113","59088  >  8081 Len=71"
"97","2.081648","172.20.0.3","172.20.0.4","IPv4","1514","Fragmented IP protocol (proto=UDP 17, off=0, ID=f71d)"
"98","2.092712","172.20.0.4","172.20.0.3","UDP","113","59088  >  8081 Len=71"
"99","2.093623","172.20.0.3","172.20.0.4","IPv4","1514","Fragmented IP protocol (proto=UDP 17, off=0, ID=f71e)"
"100","2.104879","172.20.0.4","172.20.0.3","UDP","113","59088  >  8081 Len=71"
"101","2.105791","172.20.0.3","172.20.0.4","IPv4","1514","Fragmented IP protocol (proto=UDP 17, off=0, ID=f720)"
"102","2.116786","172.20.0.4","172.20.0.3","UDP","113","59088  >  8081 Len=71"
"103","2.117728","172.20.0.3","172.20.0.4","IPv4","1514","Fragmented IP protocol (proto=UDP 17, off=0, ID=f723)"
"104","2.128964","172.20.0.4","172.20.0.3","UDP","113","59088  >  8081 Len=71"
"105","2.129623","172.20.0.3","172.20.0.4","IPv4","1514","Fragmented IP protocol (proto=UDP 17, off=0, ID=f726)"
"106","2.140525","172.20.0.4","172.20.0.3","UDP","113","59088  >  8081 Len=71"
"107","2.141322","172.20.0.3","172.20.0.4","IPv4","1514","Fragmented IP protocol (proto=UDP 17, off=0, ID=f727)"
"108","2.152168","172.20.0.4","172.20.0.3","UDP","113","59088  >  8081 Len=71"
"109","2.153199","172.20.0.3","172.20.0.4","IPv4","1514","Fragmented IP protocol (proto=UDP 17, off=0, ID=f728)"
"110","2.164343","172.20.0.4","172.20.0.3","UDP","113","59088  >  8081 Len=71"
"111","2.165131","172.20.0.3","172.20.0.4","IPv4","1514","Fragmented IP protocol (proto=UDP 17, off=0, ID=f729)"
"112","2.176503","172.20.0.4","172.20.0.3","UDP","113","59088  >  8081 Len=71"
"113","2.177291","172.20.0.3","172.20.0.4","IPv4","1514","Fragmented IP protocol (proto=UDP 17, off=0, ID=f72a)"
"114","2.188589","172.20.0.4","172.20.0.3","UDP","113","59088  >  8081 Len=71"
"115","2.189143","172.20.0.3","172.20.0.4","IPv4","1514","Fragmented IP protocol (proto=UDP 17, off=0, ID=f72c)"
"116","2.199988","172.20.0.4","172.20.0.3","UDP","113","59088  >  8081 Len=71"
"117","2.200841","172.20.0.3","172.20.0.4","IPv4","1514","Fragmented IP protocol (proto=UDP 17, off=0, ID=f72e)"
"118","2.211972","172.20.0.4","172.20.0.3","UDP","113","59088  >  8081 Len=71"
"119","2.212623","172.20.0.3","172.20.0.4","IPv4","1514","Fragmented IP protocol (proto=UDP 17, off=0, ID=f730)"
"120","2.223754","172.20.0.4","172.20.0.3","UDP","113","59088  >  8081 Len=71"
"121","2.224371","172.20.0.3","172.20.0.4","IPv4","1514","Fragmented IP protocol (proto=UDP 17, off=0, ID=f733)"
"122","2.235279","172.20.0.4","172.20.0.3","UDP","113","59088  >  8081 Len=71"
"123","2.236462","172.20.0.3","172.20.0.4","IPv4","1514","Fragmented IP protocol (proto=UDP 17, off=0, ID=f736)"
"124","2.248213","172.20.0.4","172.20.0.3","UDP","113","59088  >  8081 Len=71"
"125","2.249819","172.20.0.3","172.20.0.4","UDP","296","8081  >  59088 Len=254"
"126","2.260891","172.20.0.4","172.20.0.3","UDP","113","59088  >  8081 Len=71"
"127","2.261457","172.20.0.3","172.20.0.4","UDP","113","8081  >  59088 Len=71"
"128","2.272029","172.20.0.4","172.20.0.3","UDP","113","59088  >  8081 Len=71"
"129","2.272040","172.20.0.4","172.20.0.3","UDP","113","59088  >  8081 Len=71"
"130","2.272042","172.20.0.4","172.20.0.3","UDP","113","59088  >  8081 Len=71"
"131","2.272044","172.20.0.4","172.20.0.3","UDP","113","59088  >  8081 Len=71"
"132","2.272046","172.20.0.4","172.20.0.3","UDP","113","59088  >  8081 Len=71"
"133","3.660310","172.20.0.4","172.20.0.2","DNS","59","DNS Stateful operations (DSO) 0x3739[Malformed Packet]"
"134","3.661053","172.20.0.2","172.20.0.4","DNS","70","DNS Stateful operations (DSO) 0x3739[Malformed Packet]"
"135","3.671790","172.20.0.4","172.20.0.3","UDP","268","49533  >  8081 Len=226"
"136","3.672369","172.20.0.3","172.20.0.4","UDP","113","8081  >  49533 Len=71"
"137","3.683061","172.20.0.4","172.20.0.3","UDP","113","49533  >  8081 Len=71"
"138","3.683620","172.20.0.3","172.20.0.4","UDP","113","8081  >  49533 Len=71"
"139","3.683785","172.20.0.3","172.20.0.4","UDP","113","8081  >  49533 Len=71"
"140","3.683836","172.20.0.3","172.20.0.4","UDP","113","8081  >  49533 Len=71"
"141","3.699723","172.20.0.3","172.20.0.4","IPv4","1514","Fragmented IP protocol (proto=UDP 17, off=0, ID=f799)"
"142","3.710724","172.20.0.4","172.20.0.3","UDP","113","49533  >  8081 Len=71"
"143","3.711402","172.20.0.3","172.20.0.4","IPv4","1514","Fragmented IP protocol (proto=UDP 17, off=0, ID=f79b)"
"144","3.722207","172.20.0.4","172.20.0.3","UDP","113","49533  >  8081 Len=71"
"145","3.722864","172.20.0.3","172.20.0.4","IPv4","1514","Fragmented IP protocol (proto=UDP 17, off=0, ID=f79d)"
"146","3.733619","172.20.0.4","172.20.0.3","UDP","113","49533  >  8081 Len=71"
"147","3.734286","172.20.0.3","172.20.0.4","IPv4","1514","Fragmented IP protocol (proto=UDP 17, off=0, ID=f79f)"
"148","3.745024","172.20.0.4","172.20.0.3","UDP","113","49533  >  8081 Len=71"
"149","3.745684","172.20.0.3","172.20.0.4","IPv4","1514","Fragmented IP protocol (proto=UDP 17, off=0, ID=f7a2)"
"150","3.756438","172.20.0.4","172.20.0.3","UDP","113","49533  >  8081 Len=71"
"151","3.757151","172.20.0.3","172.20.0.4","IPv4","1514","Fragmented IP protocol (proto=UDP 17, off=0, ID=f7a5)"
"152","3.767931","172.20.0.4","172.20.0.3","UDP","113","49533  >  8081 Len=71"
"153","3.768920","172.20.0.3","172.20.0.4","IPv4","1514","Fragmented IP protocol (proto=UDP 17, off=0, ID=f7a6)"
"154","3.780404","172.20.0.4","172.20.0.3","UDP","113","49533  >  8081 Len=71"
"155","3.781119","172.20.0.3","172.20.0.4","IPv4","1514","Fragmented IP protocol (proto=UDP 17, off=0, ID=f7a9)"
"156","3.792487","172.20.0.4","172.20.0.3","UDP","113","49533  >  8081 Len=71"
"157","3.793139","172.20.0.3","172.20.0.4","IPv4","1514","Fragmented IP protocol (proto=UDP 17, off=0, ID=f7aa)"
"158","3.804737","172.20.0.4","172.20.0.3","UDP","113","49533  >  8081 Len=71"
"159","3.805459","172.20.0.3","172.20.0.4","IPv4","1514","Fragmented IP protocol (proto=UDP 17, off=0, ID=f7ad)"
"160","3.816235","172.20.0.4","172.20.0.3","UDP","113","49533  >  8081 Len=71"
"161","3.817035","172.20.0.3","172.20.0.4","IPv4","1514","Fragmented IP protocol (proto=UDP 17, off=0, ID=f7b0)"
"162","3.827756","172.20.0.4","172.20.0.3","UDP","113","49533  >  8081 Len=71"
"163","3.828369","172.20.0.3","172.20.0.4","IPv4","1514","Fragmented IP protocol (proto=UDP 17, off=0, ID=f7b2)"
"164","3.839312","172.20.0.4","172.20.0.3","UDP","113","49533  >  8081 Len=71"
"165","3.839982","172.20.0.3","172.20.0.4","IPv4","1514","Fragmented IP protocol (proto=UDP 17, off=0, ID=f7b5)"
"166","3.851203","172.20.0.4","172.20.0.3","UDP","113","49533  >  8081 Len=71"
"167","3.851865","172.20.0.3","172.20.0.4","IPv4","1514","Fragmented IP protocol (proto=UDP 17, off=0, ID=f7b8)"
"168","3.863206","172.20.0.4","172.20.0.3","UDP","113","49533  >  8081 Len=71"
"169","3.863907","172.20.0.3","172.20.0.4","IPv4","1514","Fragmented IP protocol (proto=UDP 17, off=0, ID=f7ba)"
"170","3.875035","172.20.0.4","172.20.0.3","UDP","113","49533  >  8081 Len=71"
"171","3.875667","172.20.0.3","172.20.0.4","IPv4","1514","Fragmented IP protocol (proto=UDP 17, off=0, ID=f7bd)"
"172","3.886590","172.20.0.4","172.20.0.3","UDP","113","49533  >  8081 Len=71"
"173","3.887267","172.20.0.3","172.20.0.4","IPv4","1514","Fragmented IP protocol (proto=UDP 17, off=0, ID=f7bf)"
"174","3.898649","172.20.0.4","172.20.0.3","UDP","113","49533  >  8081 Len=71"
"175","3.899334","172.20.0.3","172.20.0.4","IPv4","1514","Fragmented IP protocol (proto=UDP 17, off=0, ID=f7c0)"
"176","3.910058","172.20.0.4","172.20.0.3","UDP","113","49533  >  8081 Len=71"
"177","3.910795","172.20.0.3","172.20.0.4","IPv4","1514","Fragmented IP protocol (proto=UDP 17, off=0, ID=f7c1)"
"178","3.922014","172.20.0.4","172.20.0.3","UDP","113","49533  >  8081 Len=71"
"179","3.922647","172.20.0.3","172.20.0.4","IPv4","1514","Fragmented IP protocol (proto=UDP 17, off=0, ID=f7c4)"
"180","3.933461","172.20.0.4","172.20.0.3","UDP","113","49533  >  8081 Len=71"
"181","3.934147","172.20.0.3","172.20.0.4","IPv4","1514","Fragmented IP protocol (proto=UDP 17, off=0, ID=f7c5)"
"182","3.945377","172.20.0.4","172.20.0.3","UDP","113","49533  >  8081 Len=71"
"183","3.946028","172.20.0.3","172.20.0.4","IPv4","1514","Fragmented IP protocol (proto=UDP 17, off=0, ID=f7c8)"
"184","3.956809","172.20.0.4","172.20.0.3","UDP","113","49533  >  8081 Len=71"
"185","3.957508","172.20.0.3","172.20.0.4","IPv4","1514","Fragmented IP protocol (proto=UDP 17, off=0, ID=f7cb)"
"186","3.968316","172.20.0.4","172.20.0.3","UDP","113","49533  >  8081 Len=71"
"187","3.969264","172.20.0.3","172.20.0.4","IPv4","1514","Fragmented IP protocol (proto=UDP 17, off=0, ID=f7cd)"
"188","3.980082","172.20.0.4","172.20.0.3","UDP","113","49533  >  8081 Len=71"
"189","3.980926","172.20.0.3","172.20.0.4","IPv4","1514","Fragmented IP protocol (proto=UDP 17, off=0, ID=f7cf)"
"190","3.992032","172.20.0.4","172.20.0.3","UDP","113","49533  >  8081 Len=71"
"191","3.992589","172.20.0.3","172.20.0.4","UDP","296","8081  >  49533 Len=254"
"192","4.003253","172.20.0.4","172.20.0.3","UDP","113","49533  >  8081 Len=71"
"193","4.003774","172.20.0.3","172.20.0.4","UDP","113","8081  >  49533 Len=71"
"194","4.014265","172.20.0.4","172.20.0.3","UDP","113","49533  >  8081 Len=71"
"195","4.014277","172.20.0.4","172.20.0.3","UDP","113","49533  >  8081 Len=71"
"196","4.014283","172.20.0.4","172.20.0.3","UDP","113","49533  >  8081 Len=71"
"197","4.014285","172.20.0.4","172.20.0.3","UDP","113","49533  >  8081 Len=71"
"198","4.014288","172.20.0.4","172.20.0.3","UDP","113","49533  >  8081 Len=71"
"199","5.567960","172.20.0.4","172.20.0.2","DNS","59","DNS Stateful operations (DSO) 0x3831[Malformed Packet]"
"200","5.568765","172.20.0.2","172.20.0.4","DNS","70","DNS Stateful operations (DSO) 0x3831[Malformed Packet]"
"201","5.579659","172.20.0.4","172.20.0.3","UDP","268","38671  >  8081 Len=226"
"202","5.580229","172.20.0.3","172.20.0.4","UDP","113","8081  >  38671 Len=71"
"203","5.590942","172.20.0.4","172.20.0.3","UDP","113","38671  >  8081 Len=71"
"204","5.591484","172.20.0.3","172.20.0.4","UDP","113","8081  >  38671 Len=71"
"205","5.591645","172.20.0.3","172.20.0.4","UDP","113","8081  >  38671 Len=71"
"206","5.591695","172.20.0.3","172.20.0.4","UDP","113","8081  >  38671 Len=71"
"207","5.604270","172.20.0.3","172.20.0.4","IPv4","1514","Fragmented IP protocol (proto=UDP 17, off=0, ID=f87c)"
"208","5.615316","172.20.0.4","172.20.0.3","UDP","113","38671  >  8081 Len=71"
"209","5.615977","172.20.0.3","172.20.0.4","IPv4","1514","Fragmented IP protocol (proto=UDP 17, off=0, ID=f87e)"
"210","5.626992","172.20.0.4","172.20.0.3","UDP","113","38671  >  8081 Len=71"
"211","5.627652","172.20.0.3","172.20.0.4","IPv4","1514","Fragmented IP protocol (proto=UDP 17, off=0, ID=f880)"
"212","5.638415","172.20.0.4","172.20.0.3","UDP","113","38671  >  8081 Len=71"
"213","5.639207","172.20.0.3","172.20.0.4","IPv4","1514","Fragmented IP protocol (proto=UDP 17, off=0, ID=f881)"
"214","5.649957","172.20.0.4","172.20.0.3","UDP","113","38671  >  8081 Len=71"
"215","5.650555","172.20.0.3","172.20.0.4","IPv4","1514","Fragmented IP protocol (proto=UDP 17, off=0, ID=f883)"
"216","5.661522","172.20.0.4","172.20.0.3","UDP","113","38671  >  8081 Len=71"
"217","5.662119","172.20.0.3","172.20.0.4","IPv4","1514","Fragmented IP protocol (proto=UDP 17, off=0, ID=f886)"
"218","5.672908","172.20.0.4","172.20.0.3","UDP","113","38671  >  8081 Len=71"
"219","5.673556","172.20.0.3","172.20.0.4","IPv4","1514","Fragmented IP protocol (proto=UDP 17, off=0, ID=f889)"
"220","5.684316","172.20.0.4","172.20.0.3","UDP","113","38671  >  8081 Len=71"
"221","5.685109","172.20.0.3","172.20.0.4","IPv4","1514","Fragmented IP protocol (proto=UDP 17, off=0, ID=f88a)"
"222","5.696503","172.20.0.4","172.20.0.3","UDP","113","38671  >  8081 Len=71"
"223","5.697166","172.20.0.3","172.20.0.4","IPv4","1514","Fragmented IP protocol (proto=UDP 17, off=0, ID=f88b)"
"224","5.707941","172.20.0.4","172.20.0.3","UDP","113","38671  >  8081 Len=71"
"225","5.708649","172.20.0.3","172.20.0.4","IPv4","1514","Fragmented IP protocol (proto=UDP 17, off=0, ID=f88d)"
"226","5.719498","172.20.0.4","172.20.0.3","UDP","113","38671  >  8081 Len=71"
"227","5.720154","172.20.0.3","172.20.0.4","IPv4","1514","Fragmented IP protocol (proto=UDP 17, off=0, ID=f88e)"
"228","5.732049","172.20.0.4","172.20.0.3","UDP","113","38671  >  8081 Len=71"
"229","5.732795","172.20.0.3","172.20.0.4","IPv4","1514","Fragmented IP protocol (proto=UDP 17, off=0, ID=f892)"
"230","5.743495","172.20.0.4","172.20.0.3","UDP","113","38671  >  8081 Len=71"
"231","5.744169","172.20.0.3","172.20.0.4","IPv4","1514","Fragmented IP protocol (proto=UDP 17, off=0, ID=f894)"
"232","5.755291","172.20.0.4","172.20.0.3","UDP","113","38671  >  8081 Len=71"
"233","5.755952","172.20.0.3","172.20.0.4","IPv4","1514","Fragmented IP protocol (proto=UDP 17, off=0, ID=f895)"
"234","5.766804","172.20.0.4","172.20.0.3","UDP","113","38671  >  8081 Len=71"
"235","5.767455","172.20.0.3","172.20.0.4","IPv4","1514","Fragmented IP protocol (proto=UDP 17, off=0, ID=f898)"
"236","5.778713","172.20.0.4","172.20.0.3","UDP","113","38671  >  8081 Len=71"
"237","5.779335","172.20.0.3","172.20.0.4","IPv4","1514","Fragmented IP protocol (proto=UDP 17, off=0, ID=f89a)"
"238","5.790305","172.20.0.4","172.20.0.3","UDP","113","38671  >  8081 Len=71"
"239","5.790925","172.20.0.3","172.20.0.4","IPv4","1514","Fragmented IP protocol (proto=UDP 17, off=0, ID=f89d)"
"240","5.801755","172.20.0.4","172.20.0.3","UDP","113","38671  >  8081 Len=71"
"241","5.802411","172.20.0.3","172.20.0.4","IPv4","1514","Fragmented IP protocol (proto=UDP 17, off=0, ID=f89f)"
"242","5.813337","172.20.0.4","172.20.0.3","UDP","113","38671  >  8081 Len=71"
"243","5.813970","172.20.0.3","172.20.0.4","IPv4","1514","Fragmented IP protocol (proto=UDP 17, off=0, ID=f8a2)"
"244","5.825431","172.20.0.4","172.20.0.3","UDP","113","38671  >  8081 Len=71"
"245","5.826012","172.20.0.3","172.20.0.4","IPv4","1514","Fragmented IP protocol (proto=UDP 17, off=0, ID=f8a5)"
"246","5.837353","172.20.0.4","172.20.0.3","UDP","113","38671  >  8081 Len=71"
"247","5.838060","172.20.0.3","172.20.0.4","IPv4","1514","Fragmented IP protocol (proto=UDP 17, off=0, ID=f8a8)"
"248","5.848960","172.20.0.4","172.20.0.3","UDP","113","38671  >  8081 Len=71"
"249","5.849754","172.20.0.3","172.20.0.4","IPv4","1514","Fragmented IP protocol (proto=UDP 17, off=0, ID=f8aa)"
"250","5.861062","172.20.0.4","172.20.0.3","UDP","113","38671  >  8081 Len=71"
"251","5.861668","172.20.0.3","172.20.0.4","IPv4","1514","Fragmented IP protocol (proto=UDP 17, off=0, ID=f8ab)"
"252","5.872394","172.20.0.4","172.20.0.3","UDP","113","38671  >  8081 Len=71"
"253","5.873066","172.20.0.3","172.20.0.4","IPv4","1514","Fragmented IP protocol (proto=UDP 17, off=0, ID=f8ae)"
"254","5.883821","172.20.0.4","172.20.0.3","UDP","113","38671  >  8081 Len=71"
"255","5.884806","172.20.0.3","172.20.0.4","IPv4","1514","Fragmented IP protocol (proto=UDP 17, off=0, ID=f8b0)"
"256","5.896145","172.20.0.4","172.20.0.3","UDP","113","38671  >  8081 Len=71"
"257","5.896827","172.20.0.3","172.20.0.4","UDP","296","8081  >  38671 Len=254"
"258","5.907500","172.20.0.4","172.20.0.3","UDP","113","38671  >  8081 Len=71"
"259","5.908033","172.20.0.3","172.20.0.4","UDP","113","8081  >  38671 Len=71"
"260","5.918674","172.20.0.4","172.20.0.3","UDP","113","38671  >  8081 Len=71"
"261","5.918685","172.20.0.4","172.20.0.3","UDP","113","38671  >  8081 Len=71"
"262","5.918689","172.20.0.4","172.20.0.3","UDP","113","38671  >  8081 Len=71"
"263","5.918692","172.20.0.4","172.20.0.3","UDP","113","38671  >  8081 Len=71"
"264","5.918696","172.20.0.4","172.20.0.3","UDP","113","38671  >  8081 Len=71"
"265","7.492947","172.20.0.4","172.20.0.2","DNS","59","DNS Stateful operations (DSO) 0x3534[Malformed Packet]"
"266","7.493569","172.20.0.2","172.20.0.4","DNS","70","DNS Stateful operations (DSO) 0x3534[Malformed Packet]"
"267","7.504905","172.20.0.4","172.20.0.3","UDP","268","59681  >  8081 Len=226"
"268","7.505664","172.20.0.3","172.20.0.4","UDP","113","8081  >  59681 Len=71"
"269","7.516216","172.20.0.4","172.20.0.3","UDP","113","59681  >  8081 Len=71"
"270","7.516864","172.20.0.3","172.20.0.4","UDP","113","8081  >  59681 Len=71"
"271","7.516975","172.20.0.3","172.20.0.4","UDP","113","8081  >  59681 Len=71"
"272","7.517005","172.20.0.3","172.20.0.4","UDP","113","8081  >  59681 Len=71"
"273","7.526079","172.20.0.3","172.20.0.4","IPv4","1514","Fragmented IP protocol (proto=UDP 17, off=0, ID=f98a)"
"274","7.536989","172.20.0.4","172.20.0.3","UDP","113","59681  >  8081 Len=71"
"275","7.537548","172.20.0.3","172.20.0.4","IPv4","1514","Fragmented IP protocol (proto=UDP 17, off=0, ID=f98b)"
"276","7.548447","172.20.0.4","172.20.0.3","UDP","113","59681  >  8081 Len=71"
"277","7.549262","172.20.0.3","172.20.0.4","IPv4","1514","Fragmented IP protocol (proto=UDP 17, off=0, ID=f98e)"
"278","7.560093","172.20.0.4","172.20.0.3","UDP","113","59681  >  8081 Len=71"
"279","7.560741","172.20.0.3","172.20.0.4","IPv4","1514","Fragmented IP protocol (proto=UDP 17, off=0, ID=f991)"
"280","7.571997","172.20.0.4","172.20.0.3","UDP","113","59681  >  8081 Len=71"
"281","7.572737","172.20.0.3","172.20.0.4","IPv4","1514","Fragmented IP protocol (proto=UDP 17, off=0, ID=f992)"
"282","7.583542","172.20.0.4","172.20.0.3","UDP","113","59681  >  8081 Len=71"
"283","7.584233","172.20.0.3","172.20.0.4","IPv4","1514","Fragmented IP protocol (proto=UDP 17, off=0, ID=f994)"
"284","7.595219","172.20.0.4","172.20.0.3","UDP","113","59681  >  8081 Len=71"
"285","7.595859","172.20.0.3","172.20.0.4","IPv4","1514","Fragmented IP protocol (proto=UDP 17, off=0, ID=f996)"
"286","7.606709","172.20.0.4","172.20.0.3","UDP","113","59681  >  8081 Len=71"
"287","7.607366","172.20.0.3","172.20.0.4","IPv4","1514","Fragmented IP protocol (proto=UDP 17, off=0, ID=f997)"
"288","7.618081","172.20.0.4","172.20.0.3","UDP","113","59681  >  8081 Len=71"
"289","7.618727","172.20.0.3","172.20.0.4","IPv4","1514","Fragmented IP protocol (proto=UDP 17, off=0, ID=f998)"
"290","7.629483","172.20.0.4","172.20.0.3","UDP","113","59681  >  8081 Len=71"
"291","7.630010","172.20.0.3","172.20.0.4","IPv4","1514","Fragmented IP protocol (proto=UDP 17, off=0, ID=f999)"
"292","7.641607","172.20.0.4","172.20.0.3","UDP","113","59681  >  8081 Len=71"
"293","7.642356","172.20.0.3","172.20.0.4","IPv4","1514","Fragmented IP protocol (proto=UDP 17, off=0, ID=f99b)"
"294","7.653560","172.20.0.4","172.20.0.3","UDP","113","59681  >  8081 Len=71"
"295","7.654329","172.20.0.3","172.20.0.4","IPv4","1514","Fragmented IP protocol (proto=UDP 17, off=0, ID=f99c)"
"296","7.665101","172.20.0.4","172.20.0.3","UDP","113","59681  >  8081 Len=71"
"297","7.665653","172.20.0.3","172.20.0.4","IPv4","1514","Fragmented IP protocol (proto=UDP 17, off=0, ID=f99d)"
"298","7.676454","172.20.0.4","172.20.0.3","UDP","113","59681  >  8081 Len=71"
"299","7.677201","172.20.0.3","172.20.0.4","IPv4","1514","Fragmented IP protocol (proto=UDP 17, off=0, ID=f99f)"
"300","7.688713","172.20.0.4","172.20.0.3","UDP","113","59681  >  8081 Len=71"
"301","7.689321","172.20.0.3","172.20.0.4","IPv4","1514","Fragmented IP protocol (proto=UDP 17, off=0, ID=f9a0)"
"302","7.700087","172.20.0.4","172.20.0.3","UDP","113","59681  >  8081 Len=71"
"303","7.700857","172.20.0.3","172.20.0.4","IPv4","1514","Fragmented IP protocol (proto=UDP 17, off=0, ID=f9a2)"
"304","7.712448","172.20.0.4","172.20.0.3","UDP","113","59681  >  8081 Len=71"
"305","7.713145","172.20.0.3","172.20.0.4","IPv4","1514","Fragmented IP protocol (proto=UDP 17, off=0, ID=f9a3)"
"306","7.723923","172.20.0.4","172.20.0.3","UDP","113","59681  >  8081 Len=71"
"307","7.724637","172.20.0.3","172.20.0.4","IPv4","1514","Fragmented IP protocol (proto=UDP 17, off=0, ID=f9a5)"
"308","7.735467","172.20.0.4","172.20.0.3","UDP","113","59681  >  8081 Len=71"
"309","7.736122","172.20.0.3","172.20.0.4","IPv4","1514","Fragmented IP protocol (proto=UDP 17, off=0, ID=f9a7)"
"310","7.747743","172.20.0.4","172.20.0.3","UDP","113","59681  >  8081 Len=71"
"311","7.748452","172.20.0.3","172.20.0.4","IPv4","1514","Fragmented IP protocol (proto=UDP 17, off=0, ID=f9a8)"
"312","7.759264","172.20.0.4","172.20.0.3","UDP","113","59681  >  8081 Len=71"
"313","7.759984","172.20.0.3","172.20.0.4","IPv4","1514","Fragmented IP protocol (proto=UDP 17, off=0, ID=f9aa)"
"314","7.770849","172.20.0.4","172.20.0.3","UDP","113","59681  >  8081 Len=71"
"315","7.771465","172.20.0.3","172.20.0.4","IPv4","1514","Fragmented IP protocol (proto=UDP 17, off=0, ID=f9ad)"
"316","7.782216","172.20.0.4","172.20.0.3","UDP","113","59681  >  8081 Len=71"
"317","7.782818","172.20.0.3","172.20.0.4","IPv4","1514","Fragmented IP protocol (proto=UDP 17, off=0, ID=f9af)"
"318","7.793510","172.20.0.4","172.20.0.3","UDP","113","59681  >  8081 Len=71"
"319","7.794164","172.20.0.3","172.20.0.4","IPv4","1514","Fragmented IP protocol (proto=UDP 17, off=0, ID=f9b1)"
"320","7.804992","172.20.0.4","172.20.0.3","UDP","113","59681  >  8081 Len=71"
"321","7.805886","172.20.0.3","172.20.0.4","IPv4","1514","Fragmented IP protocol (proto=UDP 17, off=0, ID=f9b2)"
"322","7.816762","172.20.0.4","172.20.0.3","UDP","113","59681  >  8081 Len=71"
"323","7.817286","172.20.0.3","172.20.0.4","UDP","296","8081  >  59681 Len=254"
"324","7.827886","172.20.0.4","172.20.0.3","UDP","113","59681  >  8081 Len=71"
"325","7.828406","172.20.0.3","172.20.0.4","UDP","113","8081  >  59681 Len=71"
"326","7.838990","172.20.0.4","172.20.0.3","UDP","113","59681  >  8081 Len=71"
"327","7.839003","172.20.0.4","172.20.0.3","UDP","113","59681  >  8081 Len=71"
"328","7.839005","172.20.0.4","172.20.0.3","UDP","113","59681  >  8081 Len=71"
"329","7.839161","172.20.0.4","172.20.0.3","UDP","113","59681  >  8081 Len=71"
"330","7.839164","172.20.0.4","172.20.0.3","UDP","113","59681  >  8081 Len=71"
"331","9.242814","172.20.0.4","172.20.0.2","DNS","59","DNS Stateful operations (DSO) 0x3930[Malformed Packet]"
"332","9.243461","172.20.0.2","172.20.0.4","DNS","70","DNS Stateful operations (DSO) 0x3930[Malformed Packet]"
"333","9.254813","172.20.0.4","172.20.0.3","UDP","268","47131  >  8081 Len=226"
"334","9.255526","172.20.0.3","172.20.0.4","UDP","113","8081  >  47131 Len=71"
"335","9.266097","172.20.0.4","172.20.0.3","UDP","113","47131  >  8081 Len=71"
"336","9.266659","172.20.0.3","172.20.0.4","UDP","113","8081  >  47131 Len=71"
"337","9.266828","172.20.0.3","172.20.0.4","UDP","113","8081  >  47131 Len=71"
"338","9.266880","172.20.0.3","172.20.0.4","UDP","113","8081  >  47131 Len=71"
"339","9.275035","172.20.0.3","172.20.0.4","IPv4","1514","Fragmented IP protocol (proto=UDP 17, off=0, ID=fab8)"
"340","9.285768","172.20.0.4","172.20.0.3","UDP","113","47131  >  8081 Len=71"
"341","9.286324","172.20.0.3","172.20.0.4","IPv4","1514","Fragmented IP protocol (proto=UDP 17, off=0, ID=faba)"
"342","9.297334","172.20.0.4","172.20.0.3","UDP","113","47131  >  8081 Len=71"
"343","9.298102","172.20.0.3","172.20.0.4","IPv4","1514","Fragmented IP protocol (proto=UDP 17, off=0, ID=fabd)"
"344","9.309003","172.20.0.4","172.20.0.3","UDP","113","47131  >  8081 Len=71"
"345","9.309651","172.20.0.3","172.20.0.4","IPv4","1514","Fragmented IP protocol (proto=UDP 17, off=0, ID=fabe)"
"346","9.321034","172.20.0.4","172.20.0.3","UDP","113","47131  >  8081 Len=71"
"347","9.321647","172.20.0.3","172.20.0.4","IPv4","1514","Fragmented IP protocol (proto=UDP 17, off=0, ID=fac1)"
"348","9.332440","172.20.0.4","172.20.0.3","UDP","113","47131  >  8081 Len=71"
"349","9.333078","172.20.0.3","172.20.0.4","IPv4","1514","Fragmented IP protocol (proto=UDP 17, off=0, ID=fac4)"
"350","9.344354","172.20.0.4","172.20.0.3","UDP","113","47131  >  8081 Len=71"
"351","9.345066","172.20.0.3","172.20.0.4","IPv4","1514","Fragmented IP protocol (proto=UDP 17, off=0, ID=fac7)"
"352","9.355859","172.20.0.4","172.20.0.3","UDP","113","47131  >  8081 Len=71"
"353","9.356533","172.20.0.3","172.20.0.4","IPv4","1514","Fragmented IP protocol (proto=UDP 17, off=0, ID=fac8)"
"354","9.367132","172.20.0.4","172.20.0.3","UDP","113","47131  >  8081 Len=71"
"355","9.367794","172.20.0.3","172.20.0.4","IPv4","1514","Fragmented IP protocol (proto=UDP 17, off=0, ID=faca)"
"356","9.378426","172.20.0.4","172.20.0.3","UDP","113","47131  >  8081 Len=71"
"357","9.378986","172.20.0.3","172.20.0.4","IPv4","1514","Fragmented IP protocol (proto=UDP 17, off=0, ID=facb)"
"358","9.389667","172.20.0.4","172.20.0.3","UDP","113","47131  >  8081 Len=71"
"359","9.390283","172.20.0.3","172.20.0.4","IPv4","1514","Fragmented IP protocol (proto=UDP 17, off=0, ID=face)"
"360","9.401331","172.20.0.4","172.20.0.3","UDP","113","47131  >  8081 Len=71"
"361","9.401943","172.20.0.3","172.20.0.4","IPv4","1514","Fragmented IP protocol (proto=UDP 17, off=0, ID=fad1)"
"362","9.412721","172.20.0.4","172.20.0.3","UDP","113","47131  >  8081 Len=71"
"363","9.413257","172.20.0.3","172.20.0.4","IPv4","1514","Fragmented IP protocol (proto=UDP 17, off=0, ID=fad3)"
"364","9.423969","172.20.0.4","172.20.0.3","UDP","113","47131  >  8081 Len=71"
"365","9.424679","172.20.0.3","172.20.0.4","IPv4","1514","Fragmented IP protocol (proto=UDP 17, off=0, ID=fad4)"
"366","9.435710","172.20.0.4","172.20.0.3","UDP","113","47131  >  8081 Len=71"
"367","9.436329","172.20.0.3","172.20.0.4","IPv4","1514","Fragmented IP protocol (proto=UDP 17, off=0, ID=fad6)"
"368","9.447223","172.20.0.4","172.20.0.3","UDP","113","47131  >  8081 Len=71"
"369","9.447850","172.20.0.3","172.20.0.4","IPv4","1514","Fragmented IP protocol (proto=UDP 17, off=0, ID=fad9)"
"370","9.459175","172.20.0.4","172.20.0.3","UDP","113","47131  >  8081 Len=71"
"371","9.459875","172.20.0.3","172.20.0.4","IPv4","1514","Fragmented IP protocol (proto=UDP 17, off=0, ID=fada)"
"372","9.470595","172.20.0.4","172.20.0.3","UDP","113","47131  >  8081 Len=71"
"373","9.471143","172.20.0.3","172.20.0.4","IPv4","1514","Fragmented IP protocol (proto=UDP 17, off=0, ID=fadb)"
"374","9.482161","172.20.0.4","172.20.0.3","UDP","113","47131  >  8081 Len=71"
"375","9.482749","172.20.0.3","172.20.0.4","IPv4","1514","Fragmented IP protocol (proto=UDP 17, off=0, ID=fadc)"
"376","9.493416","172.20.0.4","172.20.0.3","UDP","113","47131  >  8081 Len=71"
"377","9.494106","172.20.0.3","172.20.0.4","IPv4","1514","Fragmented IP protocol (proto=UDP 17, off=0, ID=fadf)"
"378","9.504989","172.20.0.4","172.20.0.3","UDP","113","47131  >  8081 Len=71"
"379","9.505616","172.20.0.3","172.20.0.4","IPv4","1514","Fragmented IP protocol (proto=UDP 17, off=0, ID=fae0)"
"380","9.516317","172.20.0.4","172.20.0.3","UDP","113","47131  >  8081 Len=71"
"381","9.517187","172.20.0.3","172.20.0.4","IPv4","1514","Fragmented IP protocol (proto=UDP 17, off=0, ID=fae3)"
"382","9.528253","172.20.0.4","172.20.0.3","UDP","113","47131  >  8081 Len=71"
"383","9.528966","172.20.0.3","172.20.0.4","IPv4","1514","Fragmented IP protocol (proto=UDP 17, off=0, ID=fae5)"
"384","9.539691","172.20.0.4","172.20.0.3","UDP","113","47131  >  8081 Len=71"
"385","9.540229","172.20.0.3","172.20.0.4","IPv4","1514","Fragmented IP protocol (proto=UDP 17, off=0, ID=fae7)"
"386","9.551269","172.20.0.4","172.20.0.3","UDP","113","47131  >  8081 Len=71"
"387","9.551903","172.20.0.3","172.20.0.4","IPv4","1514","Fragmented IP protocol (proto=UDP 17, off=0, ID=fae8)"
"388","9.562990","172.20.0.4","172.20.0.3","UDP","113","47131  >  8081 Len=71"
"389","9.563528","172.20.0.3","172.20.0.4","UDP","296","8081  >  47131 Len=254"
"390","9.574210","172.20.0.4","172.20.0.3","UDP","113","47131  >  8081 Len=71"
"391","9.574737","172.20.0.3","172.20.0.4","UDP","113","8081  >  47131 Len=71"
"392","9.585240","172.20.0.4","172.20.0.3","UDP","113","47131  >  8081 Len=71"
"393","9.585264","172.20.0.4","172.20.0.3","UDP","113","47131  >  8081 Len=71"
"394","9.585267","172.20.0.4","172.20.0.3","UDP","113","47131  >  8081 Len=71"
"395","9.585275","172.20.0.4","172.20.0.3","UDP","113","47131  >  8081 Len=71"
"396","9.585279","172.20.0.4","172.20.0.3","UDP","113","47131  >  8081 Len=71"
"397","10.919765","172.20.0.4","172.20.0.2","DNS","59","DNS Stateful operations (DSO) 0x3533[Malformed Packet]"
"398","10.920340","172.20.0.2","172.20.0.4","DNS","70","DNS Stateful operations (DSO) 0x3533[Malformed Packet]"
"399","10.931224","172.20.0.4","172.20.0.3","UDP","268","35919  >  8081 Len=226"
"400","10.931718","172.20.0.3","172.20.0.4","UDP","113","8081  >  35919 Len=71"
"401","10.942967","172.20.0.4","172.20.0.3","UDP","113","35919  >  8081 Len=71"
"402","10.943562","172.20.0.3","172.20.0.4","UDP","113","8081  >  35919 Len=71"
"403","10.943730","172.20.0.3","172.20.0.4","UDP","113","8081  >  35919 Len=71"
"404","10.943782","172.20.0.3","172.20.0.4","UDP","113","8081  >  35919 Len=71"
"405","10.952464","172.20.0.3","172.20.0.4","IPv4","1514","Fragmented IP protocol (proto=UDP 17, off=0, ID=fc05)"
"406","10.963394","172.20.0.4","172.20.0.3","UDP","113","35919  >  8081 Len=71"
"407","10.963970","172.20.0.3","172.20.0.4","IPv4","1514","Fragmented IP protocol (proto=UDP 17, off=0, ID=fc08)"
"408","10.974599","172.20.0.4","172.20.0.3","UDP","113","35919  >  8081 Len=71"
"409","10.975411","172.20.0.3","172.20.0.4","IPv4","1514","Fragmented IP protocol (proto=UDP 17, off=0, ID=fc09)"
"410","10.986315","172.20.0.4","172.20.0.3","UDP","113","35919  >  8081 Len=71"
"411","10.986983","172.20.0.3","172.20.0.4","IPv4","1514","Fragmented IP protocol (proto=UDP 17, off=0, ID=fc0a)"
"412","10.997698","172.20.0.4","172.20.0.3","UDP","113","35919  >  8081 Len=71"
"413","10.998245","172.20.0.3","172.20.0.4","IPv4","1514","Fragmented IP protocol (proto=UDP 17, off=0, ID=fc0d)"
"414","11.008920","172.20.0.4","172.20.0.3","UDP","113","35919  >  8081 Len=71"
"415","11.009484","172.20.0.3","172.20.0.4","IPv4","1514","Fragmented IP protocol (proto=UDP 17, off=0, ID=fc10)"
"416","11.020278","172.20.0.4","172.20.0.3","UDP","113","35919  >  8081 Len=71"
"417","11.021114","172.20.0.3","172.20.0.4","IPv4","1514","Fragmented IP protocol (proto=UDP 17, off=0, ID=fc11)"
"418","11.032276","172.20.0.4","172.20.0.3","UDP","113","35919  >  8081 Len=71"
"419","11.033030","172.20.0.3","172.20.0.4","IPv4","1514","Fragmented IP protocol (proto=UDP 17, off=0, ID=fc14)"
"420","11.043759","172.20.0.4","172.20.0.3","UDP","113","35919  >  8081 Len=71"
"421","11.044411","172.20.0.3","172.20.0.4","IPv4","1514","Fragmented IP protocol (proto=UDP 17, off=0, ID=fc16)"
"422","11.055554","172.20.0.4","172.20.0.3","UDP","113","35919  >  8081 Len=71"
"423","11.056395","172.20.0.3","172.20.0.4","IPv4","1514","Fragmented IP protocol (proto=UDP 17, off=0, ID=fc17)"
"424","11.067411","172.20.0.4","172.20.0.3","UDP","113","35919  >  8081 Len=71"
"425","11.068086","172.20.0.3","172.20.0.4","IPv4","1514","Fragmented IP protocol (proto=UDP 17, off=0, ID=fc18)"
"426","11.078838","172.20.0.4","172.20.0.3","UDP","113","35919  >  8081 Len=71"
"427","11.079384","172.20.0.3","172.20.0.4","IPv4","1514","Fragmented IP protocol (proto=UDP 17, off=0, ID=fc1b)"
"428","11.089980","172.20.0.4","172.20.0.3","UDP","113","35919  >  8081 Len=71"
"429","11.090543","172.20.0.3","172.20.0.4","IPv4","1514","Fragmented IP protocol (proto=UDP 17, off=0, ID=fc1c)"
"430","11.101668","172.20.0.4","172.20.0.3","UDP","113","35919  >  8081 Len=71"
"431","11.102655","172.20.0.3","172.20.0.4","IPv4","1514","Fragmented IP protocol (proto=UDP 17, off=0, ID=fc1e)"
"432","11.113383","172.20.0.4","172.20.0.3","UDP","113","35919  >  8081 Len=71"
"433","11.113992","172.20.0.3","172.20.0.4","IPv4","1514","Fragmented IP protocol (proto=UDP 17, off=0, ID=fc1f)"
"434","11.125426","172.20.0.4","172.20.0.3","UDP","113","35919  >  8081 Len=71"
"435","11.126082","172.20.0.3","172.20.0.4","IPv4","1514","Fragmented IP protocol (proto=UDP 17, off=0, ID=fc21)"
"436","11.137008","172.20.0.4","172.20.0.3","UDP","113","35919  >  8081 Len=71"
"437","11.137678","172.20.0.3","172.20.0.4","IPv4","1514","Fragmented IP protocol (proto=UDP 17, off=0, ID=fc24)"
"438","11.148415","172.20.0.4","172.20.0.3","UDP","113","35919  >  8081 Len=71"
"439","11.149280","172.20.0.3","172.20.0.4","IPv4","1514","Fragmented IP protocol (proto=UDP 17, off=0, ID=fc26)"
"440","11.160006","172.20.0.4","172.20.0.3","UDP","113","35919  >  8081 Len=71"
"441","11.160637","172.20.0.3","172.20.0.4","IPv4","1514","Fragmented IP protocol (proto=UDP 17, off=0, ID=fc28)"
"442","11.171918","172.20.0.4","172.20.0.3","UDP","113","35919  >  8081 Len=71"
"443","11.172572","172.20.0.3","172.20.0.4","IPv4","1514","Fragmented IP protocol (proto=UDP 17, off=0, ID=fc29)"
"444","11.183809","172.20.0.4","172.20.0.3","UDP","113","35919  >  8081 Len=71"
"445","11.184649","172.20.0.3","172.20.0.4","IPv4","1514","Fragmented IP protocol (proto=UDP 17, off=0, ID=fc2b)"
"446","11.195924","172.20.0.4","172.20.0.3","UDP","113","35919  >  8081 Len=71"
"447","11.196699","172.20.0.3","172.20.0.4","IPv4","1514","Fragmented IP protocol (proto=UDP 17, off=0, ID=fc2c)"
"448","11.208088","172.20.0.4","172.20.0.3","UDP","113","35919  >  8081 Len=71"
"449","11.208853","172.20.0.3","172.20.0.4","IPv4","1514","Fragmented IP protocol (proto=UDP 17, off=0, ID=fc2f)"
"450","11.219951","172.20.0.4","172.20.0.3","UDP","113","35919  >  8081 Len=71"
"451","11.220777","172.20.0.3","172.20.0.4","IPv4","1514","Fragmented IP protocol (proto=UDP 17, off=0, ID=fc30)"
"452","11.231820","172.20.0.4","172.20.0.3","UDP","113","35919  >  8081 Len=71"
"453","11.232431","172.20.0.3","172.20.0.4","IPv4","1514","Fragmented IP protocol (proto=UDP 17, off=0, ID=fc32)"
"454","11.243584","172.20.0.4","172.20.0.3","UDP","113","35919  >  8081 Len=71"
"455","11.244120","172.20.0.3","172.20.0.4","UDP","296","8081  >  35919 Len=254"
"456","11.254820","172.20.0.4","172.20.0.3","UDP","113","35919  >  8081 Len=71"
"457","11.255326","172.20.0.3","172.20.0.4","UDP","113","8081  >  35919 Len=71"
"458","11.265823","172.20.0.4","172.20.0.3","UDP","113","35919  >  8081 Len=71"
"459","11.265846","172.20.0.4","172.20.0.3","UDP","113","35919  >  8081 Len=71"
"460","11.265850","172.20.0.4","172.20.0.3","UDP","113","35919  >  8081 Len=71"
"461","11.265855","172.20.0.4","172.20.0.3","UDP","113","35919  >  8081 Len=71"
"462","11.265876","172.20.0.4","172.20.0.3","UDP","113","35919  >  8081 Len=71"
"463","12.729765","172.20.0.4","172.20.0.2","DNS","59","Unknown operation (7) 0x3931[Malformed Packet]"
"464","12.730302","172.20.0.2","172.20.0.4","DNS","70","Unknown operation (7) 0x3931[Malformed Packet]"
"465","12.741019","172.20.0.4","172.20.0.3","UDP","268","41688  >  8081 Len=226"
"466","12.741584","172.20.0.3","172.20.0.4","UDP","113","8081  >  41688 Len=71"
"467","12.752116","172.20.0.4","172.20.0.3","UDP","113","41688  >  8081 Len=71"
"468","12.752654","172.20.0.3","172.20.0.4","UDP","113","8081  >  41688 Len=71"
"469","12.752978","172.20.0.3","172.20.0.4","UDP","113","8081  >  41688 Len=71"
"470","12.753106","172.20.0.3","172.20.0.4","UDP","113","8081  >  41688 Len=71"
"471","12.763808","172.20.0.3","172.20.0.4","IPv4","1514","Fragmented IP protocol (proto=UDP 17, off=0, ID=fc5e)"
"472","12.774514","172.20.0.4","172.20.0.3","UDP","113","41688  >  8081 Len=71"
"473","12.775059","172.20.0.3","172.20.0.4","IPv4","1514","Fragmented IP protocol (proto=UDP 17, off=0, ID=fc61)"
"474","12.785690","172.20.0.4","172.20.0.3","UDP","113","41688  >  8081 Len=71"
"475","12.786354","172.20.0.3","172.20.0.4","IPv4","1514","Fragmented IP protocol (proto=UDP 17, off=0, ID=fc64)"
"476","12.797038","172.20.0.4","172.20.0.3","UDP","113","41688  >  8081 Len=71"
"477","12.797598","172.20.0.3","172.20.0.4","IPv4","1514","Fragmented IP protocol (proto=UDP 17, off=0, ID=fc66)"
"478","12.808944","172.20.0.4","172.20.0.3","UDP","113","41688  >  8081 Len=71"
"479","12.809598","172.20.0.3","172.20.0.4","IPv4","1514","Fragmented IP protocol (proto=UDP 17, off=0, ID=fc69)"
"480","12.820330","172.20.0.4","172.20.0.3","UDP","113","41688  >  8081 Len=71"
"481","12.821156","172.20.0.3","172.20.0.4","IPv4","1514","Fragmented IP protocol (proto=UDP 17, off=0, ID=fc6b)"
"482","12.831900","172.20.0.4","172.20.0.3","UDP","113","41688  >  8081 Len=71"
"483","12.832554","172.20.0.3","172.20.0.4","IPv4","1514","Fragmented IP protocol (proto=UDP 17, off=0, ID=fc6c)"
"484","12.843674","172.20.0.4","172.20.0.3","UDP","113","41688  >  8081 Len=71"
"485","12.844328","172.20.0.3","172.20.0.4","IPv4","1514","Fragmented IP protocol (proto=UDP 17, off=0, ID=fc6d)"
"486","12.855182","172.20.0.4","172.20.0.3","UDP","113","41688  >  8081 Len=71"
"487","12.855838","172.20.0.3","172.20.0.4","IPv4","1514","Fragmented IP protocol (proto=UDP 17, off=0, ID=fc6f)"
"488","12.866596","172.20.0.4","172.20.0.3","UDP","113","41688  >  8081 Len=71"
"489","12.867614","172.20.0.3","172.20.0.4","IPv4","1514","Fragmented IP protocol (proto=UDP 17, off=0, ID=fc71)"
"490","12.878869","172.20.0.4","172.20.0.3","UDP","113","41688  >  8081 Len=71"
"491","12.879734","172.20.0.3","172.20.0.4","IPv4","1514","Fragmented IP protocol (proto=UDP 17, off=0, ID=fc74)"
"492","12.890855","172.20.0.4","172.20.0.3","UDP","113","41688  >  8081 Len=71"
"493","12.891651","172.20.0.3","172.20.0.4","IPv4","1514","Fragmented IP protocol (proto=UDP 17, off=0, ID=fc76)"
"494","12.902447","172.20.0.4","172.20.0.3","UDP","113","41688  >  8081 Len=71"
"495","12.903105","172.20.0.3","172.20.0.4","IPv4","1514","Fragmented IP protocol (proto=UDP 17, off=0, ID=fc77)"
"496","12.914003","172.20.0.4","172.20.0.3","UDP","113","41688  >  8081 Len=71"
"497","12.914702","172.20.0.3","172.20.0.4","IPv4","1514","Fragmented IP protocol (proto=UDP 17, off=0, ID=fc78)"
"498","12.925631","172.20.0.4","172.20.0.3","UDP","113","41688  >  8081 Len=71"
"499","12.926330","172.20.0.3","172.20.0.4","IPv4","1514","Fragmented IP protocol (proto=UDP 17, off=0, ID=fc7a)"
"500","12.937449","172.20.0.4","172.20.0.3","UDP","113","41688  >  8081 Len=71"
"501","12.938055","172.20.0.3","172.20.0.4","IPv4","1514","Fragmented IP protocol (proto=UDP 17, off=0, ID=fc7d)"
"502","12.949513","172.20.0.4","172.20.0.3","UDP","113","41688  >  8081 Len=71"
"503","12.950163","172.20.0.3","172.20.0.4","IPv4","1514","Fragmented IP protocol (proto=UDP 17, off=0, ID=fc7f)"
"504","12.961519","172.20.0.4","172.20.0.3","UDP","113","41688  >  8081 Len=71"
"505","12.962228","172.20.0.3","172.20.0.4","IPv4","1514","Fragmented IP protocol (proto=UDP 17, off=0, ID=fc80)"
"506","12.973523","172.20.0.4","172.20.0.3","UDP","113","41688  >  8081 Len=71"
"507","12.974139","172.20.0.3","172.20.0.4","IPv4","1514","Fragmented IP protocol (proto=UDP 17, off=0, ID=fc83)"
"508","12.985011","172.20.0.4","172.20.0.3","UDP","113","41688  >  8081 Len=71"
"509","12.985708","172.20.0.3","172.20.0.4","IPv4","1514","Fragmented IP protocol (proto=UDP 17, off=0, ID=fc84)"
"510","12.996553","172.20.0.4","172.20.0.3","UDP","113","41688  >  8081 Len=71"
"511","12.997477","172.20.0.3","172.20.0.4","IPv4","1514","Fragmented IP protocol (proto=UDP 17, off=0, ID=fc85)"
"512","13.008310","172.20.0.4","172.20.0.3","UDP","113","41688  >  8081 Len=71"
"513","13.009096","172.20.0.3","172.20.0.4","IPv4","1514","Fragmented IP protocol (proto=UDP 17, off=0, ID=fc88)"
"514","13.019914","172.20.0.4","172.20.0.3","UDP","113","41688  >  8081 Len=71"
"515","13.020593","172.20.0.3","172.20.0.4","IPv4","1514","Fragmented IP protocol (proto=UDP 17, off=0, ID=fc8a)"
"516","13.031475","172.20.0.4","172.20.0.3","UDP","113","41688  >  8081 Len=71"
"517","13.032134","172.20.0.3","172.20.0.4","IPv4","1514","Fragmented IP protocol (proto=UDP 17, off=0, ID=fc8c)"
"518","13.042883","172.20.0.4","172.20.0.3","UDP","113","41688  >  8081 Len=71"
"519","13.043484","172.20.0.3","172.20.0.4","IPv4","1514","Fragmented IP protocol (proto=UDP 17, off=0, ID=fc8e)"
"520","13.054357","172.20.0.4","172.20.0.3","UDP","113","41688  >  8081 Len=71"
"521","13.054881","172.20.0.3","172.20.0.4","UDP","296","8081  >  41688 Len=254"
"522","13.065542","172.20.0.4","172.20.0.3","UDP","113","41688  >  8081 Len=71"
"523","13.066064","172.20.0.3","172.20.0.4","UDP","113","8081  >  41688 Len=71"
"524","13.076602","172.20.0.4","172.20.0.3","UDP","113","41688  >  8081 Len=71"
"525","13.076612","172.20.0.4","172.20.0.3","UDP","113","41688  >  8081 Len=71"
"526","13.076615","172.20.0.4","172.20.0.3","UDP","113","41688  >  8081 Len=71"
"527","13.076618","172.20.0.4","172.20.0.3","UDP","113","41688  >  8081 Len=71"
"528","13.076622","172.20.0.4","172.20.0.3","UDP","113","41688  >  8081 Len=71"
"529","14.562112","172.20.0.4","172.20.0.2","DNS","59","DNS Stateful operations (DSO) 0x3137[Malformed Packet]"
"530","14.562588","172.20.0.2","172.20.0.4","DNS","70","DNS Stateful operations (DSO) 0x3137[Malformed Packet]"
"531","14.573700","172.20.0.4","172.20.0.3","UDP","268","36435  >  8081 Len=226"
"532","14.574335","172.20.0.3","172.20.0.4","UDP","113","8081  >  36435 Len=71"
"533","14.584880","172.20.0.4","172.20.0.3","UDP","113","36435  >  8081 Len=71"
"534","14.585708","172.20.0.3","172.20.0.4","UDP","113","8081  >  36435 Len=71"
"535","14.585923","172.20.0.3","172.20.0.4","UDP","113","8081  >  36435 Len=71"
"536","14.585997","172.20.0.3","172.20.0.4","UDP","113","8081  >  36435 Len=71"
"537","14.603900","172.20.0.3","172.20.0.4","IPv4","1514","Fragmented IP protocol (proto=UDP 17, off=0, ID=fdaf)"
"538","14.614860","172.20.0.4","172.20.0.3","UDP","113","36435  >  8081 Len=71"
"539","14.615518","172.20.0.3","172.20.0.4","IPv4","1514","Fragmented IP protocol (proto=UDP 17, off=0, ID=fdb1)"
"540","14.626275","172.20.0.4","172.20.0.3","UDP","113","36435  >  8081 Len=71"
"541","14.626936","172.20.0.3","172.20.0.4","IPv4","1514","Fragmented IP protocol (proto=UDP 17, off=0, ID=fdb2)"
"542","14.637681","172.20.0.4","172.20.0.3","UDP","113","36435  >  8081 Len=71"
"543","14.638352","172.20.0.3","172.20.0.4","IPv4","1514","Fragmented IP protocol (proto=UDP 17, off=0, ID=fdb5)"
"544","14.649101","172.20.0.4","172.20.0.3","UDP","113","36435  >  8081 Len=71"
"545","14.649768","172.20.0.3","172.20.0.4","IPv4","1514","Fragmented IP protocol (proto=UDP 17, off=0, ID=fdb6)"
"546","14.660581","172.20.0.4","172.20.0.3","UDP","113","36435  >  8081 Len=71"
"547","14.661343","172.20.0.3","172.20.0.4","IPv4","1514","Fragmented IP protocol (proto=UDP 17, off=0, ID=fdb9)"
"548","14.672182","172.20.0.4","172.20.0.3","UDP","113","36435  >  8081 Len=71"
"549","14.672849","172.20.0.3","172.20.0.4","IPv4","1514","Fragmented IP protocol (proto=UDP 17, off=0, ID=fdbb)"
"550","14.683603","172.20.0.4","172.20.0.3","UDP","113","36435  >  8081 Len=71"
"551","14.684275","172.20.0.3","172.20.0.4","IPv4","1514","Fragmented IP protocol (proto=UDP 17, off=0, ID=fdbe)"
"552","14.695206","172.20.0.4","172.20.0.3","UDP","113","36435  >  8081 Len=71"
"553","14.695853","172.20.0.3","172.20.0.4","IPv4","1514","Fragmented IP protocol (proto=UDP 17, off=0, ID=fdc1)"
"554","14.706655","172.20.0.4","172.20.0.3","UDP","113","36435  >  8081 Len=71"
"555","14.707304","172.20.0.3","172.20.0.4","IPv4","1514","Fragmented IP protocol (proto=UDP 17, off=0, ID=fdc2)"
"556","14.718188","172.20.0.4","172.20.0.3","UDP","113","36435  >  8081 Len=71"
"557","14.718935","172.20.0.3","172.20.0.4","IPv4","1514","Fragmented IP protocol (proto=UDP 17, off=0, ID=fdc3)"
"558","14.729839","172.20.0.4","172.20.0.3","UDP","113","36435  >  8081 Len=71"
"559","14.730549","172.20.0.3","172.20.0.4","IPv4","1514","Fragmented IP protocol (proto=UDP 17, off=0, ID=fdc5)"
"560","14.741646","172.20.0.4","172.20.0.3","UDP","113","36435  >  8081 Len=71"
"561","14.742288","172.20.0.3","172.20.0.4","IPv4","1514","Fragmented IP protocol (proto=UDP 17, off=0, ID=fdc7)"
"562","14.753687","172.20.0.4","172.20.0.3","UDP","113","36435  >  8081 Len=71"
"563","14.754346","172.20.0.3","172.20.0.4","IPv4","1514","Fragmented IP protocol (proto=UDP 17, off=0, ID=fdc9)"
"564","14.765075","172.20.0.4","172.20.0.3","UDP","113","36435  >  8081 Len=71"
"565","14.765674","172.20.0.3","172.20.0.4","IPv4","1514","Fragmented IP protocol (proto=UDP 17, off=0, ID=fdcb)"
"566","14.777099","172.20.0.4","172.20.0.3","UDP","113","36435  >  8081 Len=71"
"567","14.777759","172.20.0.3","172.20.0.4","IPv4","1514","Fragmented IP protocol (proto=UDP 17, off=0, ID=fdcc)"
"568","14.788647","172.20.0.4","172.20.0.3","UDP","113","36435  >  8081 Len=71"
"569","14.789463","172.20.0.3","172.20.0.4","IPv4","1514","Fragmented IP protocol (proto=UDP 17, off=0, ID=fdce)"
"570","14.800903","172.20.0.4","172.20.0.3","UDP","113","36435  >  8081 Len=71"
"571","14.801455","172.20.0.3","172.20.0.4","IPv4","1514","Fragmented IP protocol (proto=UDP 17, off=0, ID=fdd0)"
"572","14.812260","172.20.0.4","172.20.0.3","UDP","113","36435  >  8081 Len=71"
"573","14.813054","172.20.0.3","172.20.0.4","IPv4","1514","Fragmented IP protocol (proto=UDP 17, off=0, ID=fdd2)"
"574","14.823914","172.20.0.4","172.20.0.3","UDP","113","36435  >  8081 Len=71"
"575","14.824560","172.20.0.3","172.20.0.4","IPv4","1514","Fragmented IP protocol (proto=UDP 17, off=0, ID=fdd4)"
"576","14.835745","172.20.0.4","172.20.0.3","UDP","113","36435  >  8081 Len=71"
"577","14.836404","172.20.0.3","172.20.0.4","IPv4","1514","Fragmented IP protocol (proto=UDP 17, off=0, ID=fdd5)"
"578","14.847345","172.20.0.4","172.20.0.3","UDP","113","36435  >  8081 Len=71"
"579","14.848054","172.20.0.3","172.20.0.4","IPv4","1514","Fragmented IP protocol (proto=UDP 17, off=0, ID=fdd8)"
"580","14.858972","172.20.0.4","172.20.0.3","UDP","113","36435  >  8081 Len=71"
"581","14.859643","172.20.0.3","172.20.0.4","IPv4","1514","Fragmented IP protocol (proto=UDP 17, off=0, ID=fddb)"
"582","14.870433","172.20.0.4","172.20.0.3","UDP","113","36435  >  8081 Len=71"
"583","14.871094","172.20.0.3","172.20.0.4","IPv4","1514","Fragmented IP protocol (proto=UDP 17, off=0, ID=fdde)"
"584","14.881915","172.20.0.4","172.20.0.3","UDP","113","36435  >  8081 Len=71"
"585","14.882643","172.20.0.3","172.20.0.4","IPv4","1514","Fragmented IP protocol (proto=UDP 17, off=0, ID=fde1)"
"586","14.893905","172.20.0.4","172.20.0.3","UDP","113","36435  >  8081 Len=71"
"587","14.894417","172.20.0.3","172.20.0.4","UDP","296","8081  >  36435 Len=254"
"588","14.905034","172.20.0.4","172.20.0.3","UDP","113","36435  >  8081 Len=71"
"589","14.905652","172.20.0.3","172.20.0.4","UDP","113","8081  >  36435 Len=71"
"590","14.916208","172.20.0.4","172.20.0.3","UDP","113","36435  >  8081 Len=71"
"591","14.916218","172.20.0.4","172.20.0.3","UDP","113","36435  >  8081 Len=71"
"592","14.916221","172.20.0.4","172.20.0.3","UDP","113","36435  >  8081 Len=71"
"593","14.916223","172.20.0.4","172.20.0.3","UDP","113","36435  >  8081 Len=71"
"594","14.916226","172.20.0.4","172.20.0.3","UDP","113","36435  >  8081 Len=71"
"595","16.306873","172.20.0.4","172.20.0.2","DNS","59","DNS Stateful operations (DSO) 0x3333[Malformed Packet]"
"596","16.307323","172.20.0.2","172.20.0.4","DNS","70","DNS Stateful operations (DSO) 0x3333[Malformed Packet]"
"597","16.318038","172.20.0.4","172.20.0.3","UDP","268","41072  >  8081 Len=226"
"598","16.318617","172.20.0.3","172.20.0.4","UDP","113","8081  >  41072 Len=71"
"599","16.329147","172.20.0.4","172.20.0.3","UDP","113","41072  >  8081 Len=71"
"600","16.329653","172.20.0.3","172.20.0.4","UDP","113","8081  >  41072 Len=71"
"601","16.329759","172.20.0.3","172.20.0.4","UDP","113","8081  >  41072 Len=71"
"602","16.329789","172.20.0.3","172.20.0.4","UDP","113","8081  >  41072 Len=71"
"603","16.339626","172.20.0.3","172.20.0.4","IPv4","1514","Fragmented IP protocol (proto=UDP 17, off=0, ID=fe76)"
"604","16.350398","172.20.0.4","172.20.0.3","UDP","113","41072  >  8081 Len=71"
"605","16.351053","172.20.0.3","172.20.0.4","IPv4","1514","Fragmented IP protocol (proto=UDP 17, off=0, ID=fe78)"
"606","16.361782","172.20.0.4","172.20.0.3","UDP","113","41072  >  8081 Len=71"
"607","16.362590","172.20.0.3","172.20.0.4","IPv4","1514","Fragmented IP protocol (proto=UDP 17, off=0, ID=fe7a)"
"608","16.373694","172.20.0.4","172.20.0.3","UDP","113","41072  >  8081 Len=71"
"609","16.374337","172.20.0.3","172.20.0.4","IPv4","1514","Fragmented IP protocol (proto=UDP 17, off=0, ID=fe7c)"
"610","16.385117","172.20.0.4","172.20.0.3","UDP","113","41072  >  8081 Len=71"
"611","16.385722","172.20.0.3","172.20.0.4","IPv4","1514","Fragmented IP protocol (proto=UDP 17, off=0, ID=fe7f)"
"612","16.396490","172.20.0.4","172.20.0.3","UDP","113","41072  >  8081 Len=71"
"613","16.397306","172.20.0.3","172.20.0.4","IPv4","1514","Fragmented IP protocol (proto=UDP 17, off=0, ID=fe81)"
"614","16.408096","172.20.0.4","172.20.0.3","UDP","113","41072  >  8081 Len=71"
"615","16.408761","172.20.0.3","172.20.0.4","IPv4","1514","Fragmented IP protocol (proto=UDP 17, off=0, ID=fe82)"
"616","16.419508","172.20.0.4","172.20.0.3","UDP","113","41072  >  8081 Len=71"
"617","16.420249","172.20.0.3","172.20.0.4","IPv4","1514","Fragmented IP protocol (proto=UDP 17, off=0, ID=fe85)"
"618","16.431268","172.20.0.4","172.20.0.3","UDP","113","41072  >  8081 Len=71"
"619","16.431952","172.20.0.3","172.20.0.4","IPv4","1514","Fragmented IP protocol (proto=UDP 17, off=0, ID=fe86)"
"620","16.443262","172.20.0.4","172.20.0.3","UDP","113","41072  >  8081 Len=71"
"621","16.443908","172.20.0.3","172.20.0.4","IPv4","1514","Fragmented IP protocol (proto=UDP 17, off=0, ID=fe89)"
"622","16.454771","172.20.0.4","172.20.0.3","UDP","113","41072  >  8081 Len=71"
"623","16.455485","172.20.0.3","172.20.0.4","IPv4","1514","Fragmented IP protocol (proto=UDP 17, off=0, ID=fe8a)"
"624","16.466445","172.20.0.4","172.20.0.3","UDP","113","41072  >  8081 Len=71"
"625","16.467129","172.20.0.3","172.20.0.4","IPv4","1514","Fragmented IP protocol (proto=UDP 17, off=0, ID=fe8d)"
"626","16.478058","172.20.0.4","172.20.0.3","UDP","113","41072  >  8081 Len=71"
"627","16.479097","172.20.0.3","172.20.0.4","IPv4","1514","Fragmented IP protocol (proto=UDP 17, off=0, ID=fe90)"
"628","16.490070","172.20.0.4","172.20.0.3","UDP","113","41072  >  8081 Len=71"
"629","16.490715","172.20.0.3","172.20.0.4","IPv4","1514","Fragmented IP protocol (proto=UDP 17, off=0, ID=fe92)"
"630","16.501599","172.20.0.4","172.20.0.3","UDP","113","41072  >  8081 Len=71"
"631","16.502262","172.20.0.3","172.20.0.4","IPv4","1514","Fragmented IP protocol (proto=UDP 17, off=0, ID=fe95)"
"632","16.513039","172.20.0.4","172.20.0.3","UDP","113","41072  >  8081 Len=71"
"633","16.513925","172.20.0.3","172.20.0.4","IPv4","1514","Fragmented IP protocol (proto=UDP 17, off=0, ID=fe98)"
"634","16.524789","172.20.0.4","172.20.0.3","UDP","113","41072  >  8081 Len=71"
"635","16.525392","172.20.0.3","172.20.0.4","IPv4","1514","Fragmented IP protocol (proto=UDP 17, off=0, ID=fe9a)"
"636","16.536067","172.20.0.4","172.20.0.3","UDP","113","41072  >  8081 Len=71"
"637","16.536743","172.20.0.3","172.20.0.4","IPv4","1514","Fragmented IP protocol (proto=UDP 17, off=0, ID=fe9b)"
"638","16.547405","172.20.0.4","172.20.0.3","UDP","113","41072  >  8081 Len=71"
"639","16.548104","172.20.0.3","172.20.0.4","IPv4","1514","Fragmented IP protocol (proto=UDP 17, off=0, ID=fe9c)"
"640","16.558817","172.20.0.4","172.20.0.3","UDP","113","41072  >  8081 Len=71"
"641","16.559446","172.20.0.3","172.20.0.4","IPv4","1514","Fragmented IP protocol (proto=UDP 17, off=0, ID=fe9e)"
"642","16.570158","172.20.0.4","172.20.0.3","UDP","113","41072  >  8081 Len=71"
"643","16.570850","172.20.0.3","172.20.0.4","IPv4","1514","Fragmented IP protocol (proto=UDP 17, off=0, ID=fe9f)"
"644","16.581587","172.20.0.4","172.20.0.3","UDP","113","41072  >  8081 Len=71"
"645","16.582542","172.20.0.3","172.20.0.4","IPv4","1514","Fragmented IP protocol (proto=UDP 17, off=0, ID=fea2)"
"646","16.593369","172.20.0.4","172.20.0.3","UDP","113","41072  >  8081 Len=71"
"647","16.594174","172.20.0.3","172.20.0.4","IPv4","1514","Fragmented IP protocol (proto=UDP 17, off=0, ID=fea5)"
"648","16.604877","172.20.0.4","172.20.0.3","UDP","113","41072  >  8081 Len=71"
"649","16.605603","172.20.0.3","172.20.0.4","IPv4","1514","Fragmented IP protocol (proto=UDP 17, off=0, ID=fea8)"
"650","16.616176","172.20.0.4","172.20.0.3","UDP","113","41072  >  8081 Len=71"
"651","16.616749","172.20.0.3","172.20.0.4","IPv4","1514","Fragmented IP protocol (proto=UDP 17, off=0, ID=feaa)"
"652","16.627573","172.20.0.4","172.20.0.3","UDP","113","41072  >  8081 Len=71"
"653","16.628042","172.20.0.3","172.20.0.4","UDP","296","8081  >  41072 Len=254"
"654","16.638578","172.20.0.4","172.20.0.3","UDP","113","41072  >  8081 Len=71"
"655","16.639055","172.20.0.3","172.20.0.4","UDP","113","8081  >  41072 Len=71"
"656","16.649607","172.20.0.4","172.20.0.3","UDP","113","41072  >  8081 Len=71"
"657","16.649618","172.20.0.4","172.20.0.3","UDP","113","41072  >  8081 Len=71"
"658","16.649620","172.20.0.4","172.20.0.3","UDP","113","41072  >  8081 Len=71"
"659","16.649847","172.20.0.4","172.20.0.3","UDP","113","41072  >  8081 Len=71"
"660","16.649850","172.20.0.4","172.20.0.3","UDP","113","41072  >  8081 Len=71"
